{
  "trainingResults": {
    "train_accuracy": 0.8862330317497253,
    "val_accuracy": 0.9134438037872314,
    "train_loss": 0.3065621256828308,
    "val_loss": 0.2470790445804596,
    "best_val_accuracy": 0.9134438037872314,
    "best_val_loss": 0.2470790445804596
  },
  "evaluation": {
    "precision_macro": 0.8537648681580695,
    "recall_macro": 0.7830873499971207,
    "f1_macro": 0.7927236418567881,
    "precision_weighted": 0.9180556907554835,
    "recall_weighted": 0.9134438305709024,
    "f1_weighted": 0.9122944261731958,
    "test": {
      "precision_macro": 0.8845884356463456,
      "recall_macro": 0.7982849249336039,
      "f1_macro": 0.82910381681144,
      "precision_weighted": 0.9076611576929107,
      "recall_weighted": 0.9,
      "f1_weighted": 0.9003920080896634
    }
  }
}