{
  "trainingResults": {
    "train_accuracy": 0.9002528190612793,
    "val_accuracy": 0.9171270728111267,
    "train_loss": 0.27713027596473694,
    "val_loss": 0.22810323536396027,
    "best_val_accuracy": 0.9171270728111267,
    "best_val_loss": 0.22810323536396027
  },
  "evaluation": {
    "precision_macro": 0.8516138961927474,
    "recall_macro": 0.8749591833679571,
    "f1_macro": 0.8562784359343967,
    "precision_weighted": 0.9220986068989955,
    "recall_weighted": 0.9171270718232044,
    "f1_weighted": 0.9174340336049212,
    "test": {
      "precision_macro": 0.9060408316307699,
      "recall_macro": 0.8735260190654321,
      "f1_macro": 0.8864038744646308,
      "precision_weighted": 0.9233625017545501,
      "recall_weighted": 0.9181818181818182,
      "f1_weighted": 0.9192915122424413
    }
  }
}